Timestamp,Model,Num_Replicas,Tensor_Parallel,Pipeline_Parallel,Max_Batch_Tokens,Max_Num_Seqs,Concurrency,QPS,Max_Tokens,Temperature,Top_P,Total_Gen_Avg,Total_Gen_P50,Total_Gen_P90,Total_Gen_P99,First_Token_Avg,First_Token_P50,First_Token_P90,First_Token_P99,Inter_Token_Avg,Inter_Token_P50,Inter_Token_P90,Inter_Token_P99,Schedule_Delay_Avg,Schedule_Delay_P50,Schedule_Delay_P90,Schedule_Delay_P99,E2E_Latency_Avg,E2E_Latency_P50,E2E_Latency_P90,E2E_Latency_P99,Throughput,Total_Requests,Total_Input_Tokens,Total_Output_Tokens
run_20250815_190107,Qwen/Qwen2.5-1.5B,1,1,1,512,512,8,29.0,3,0.7,0.9,43.21392854054769,42.343854904174805,50.47342777252197,58.73100280761719,19.060198465983074,18.33212375640869,25.345206260681152,33.67918014526367,12.075029611587524,11.845231056213379,12.953448295593262,14.327569007873535,0.8022276560465494,0.7646083831787109,1.1247158050537112,1.5146923065185547,44.01615619659424,43.02620887756348,51.256680488586426,59.561002254486084,83.3446501819955,300,90561,900
run_20250815_190141,Qwen/Qwen2.5-1.5B,2,1,1,512,512,8,29.0,3,0.7,0.9,46.04281266530355,44.772982597351074,52.93114185333252,67.44475126266477,21.085230509440105,19.969820976257324,27.45466232299805,42.46534824371334,12.477179368336996,12.296557426452637,13.498640060424805,14.86016035079956,0.8713499704996744,0.8232593536376953,1.231670379638672,1.5674662590026847,46.91416263580322,45.81165313720703,53.88154983520508,68.16231727600095,76.9486293258625,300,90561,900
run_20250815_190217,Qwen/Qwen2.5-1.5B,4,1,1,512,512,8,29.0,3,0.7,0.9,47.142393589019775,46.03767395019531,53.176069259643555,79.56357002258301,21.729975541432697,20.78080177307129,28.001785278320316,41.74954175949096,12.704652150472006,12.3976469039917,13.385248184204102,22.5955057144165,0.8019510904947916,0.780940055847168,1.129746437072754,1.447498798370361,47.944344679514565,46.84638977050781,54.21922206878662,80.14519214630127,85.64293583462987,300,90561,900
run_20250815_190252,Qwen/Qwen2.5-1.5B,8,1,1,512,512,8,29.0,3,0.7,0.9,49.824389616648354,48.47145080566406,56.32920265197754,77.24602937698354,23.37927500406901,22.37069606781006,29.872536659240723,45.53737401962268,13.221033811569214,12.926578521728516,13.952445983886719,22.958407402038567,0.7187136014302572,0.6803274154663086,0.9377002716064453,1.3102626800537107,50.54310321807861,49.12841320037842,56.88490867614746,77.91878461837759,90.12592041264888,300,90561,900
run_20250815_190329,Qwen/Qwen2.5-1.5B,1,2,1,512,512,8,29.0,3,0.7,0.9,79.97051080067952,70.71876525878906,116.73579216003425,168.12230110168454,40.7582418123881,33.443331718444824,72.62253761291507,110.92330932617186,19.60432569185893,17.163634300231934,29.542040824890137,30.46563148498535,0.8656978607177734,0.8653402328491211,1.1844158172607424,1.4425015449523926,80.8362086613973,71.64168357849121,117.93203353881842,168.8284921646118,86.56542615387762,300,90561,900
run_20250815_190406,Qwen/Qwen2.5-1.5B,2,2,1,512,512,8,29.0,3,0.7,0.9,74.84297434488933,69.67020034790039,95.18094062805177,188.36026668548578,37.952258586883545,33.296823501586914,56.7067623138428,131.5195655822753,18.443981011708576,16.362428665161133,24.968481063842773,34.017059803009026,0.7097236315409342,0.6612539291381836,0.9179830551147463,1.1997509002685545,75.55269797643025,70.3420639038086,95.86913585662843,188.9840126037597,84.32292545568887,300,90561,900
run_20250815_190444,Qwen/Qwen2.5-1.5B,4,2,1,512,512,8,29.0,3,0.7,0.9,108.72571070988973,68.53330135345459,133.13305377960245,826.0275244712827,66.02919181187947,34.42728519439697,78.56860160827638,614.9114203453062,21.346886952718098,15.531539916992188,25.947666168212894,282.57229566574097,0.7430871327718099,0.6947517395019531,0.9808540344238283,1.2857270240783687,109.46879784266154,69.2518949508667,133.85875225067178,826.6039180755613,73.85471682541412,300,90561,900
run_20250815_190527,Qwen/Qwen2.5-1.5B,1,4,1,512,512,8,29.0,3,0.7,0.9,88.50473324457805,82.81266689300537,126.97939872741702,166.32963180541984,46.4425794283549,40.87090492248535,74.27659034729004,113.7528109550476,21.02941592534383,18.529176712036133,32.00845718383789,32.70106792449951,0.7991512616475424,0.7687807083129883,1.0859489440917969,1.401083469390869,89.30388450622559,83.6108922958374,127.52377986907963,166.81179761886588,82.13573933179518,300,90561,900
run_20250815_190606,Qwen/Qwen2.5-1.5B,2,4,1,512,512,8,29.0,3,0.7,0.9,80.91712077458699,74.66661930084229,104.42035198211673,216.84595823287944,42.569924195607506,37.12272644042969,59.796524047851605,148.16406011581418,19.172134002049763,16.44754409790039,28.236770629882816,36.17880105972288,0.7273666063944498,0.680088996887207,0.9707927703857423,1.310441493988037,81.64448738098145,75.39904117584229,105.12259006500247,217.93895721435527,80.75868222468144,300,90561,900
run_20250820_073910,meta-llama/Meta-Llama-3-8B,1,1,1,512,512,8,29.0,3,0.7,0.9,215.12682914733887,198.1276273727417,331.4316749572754,431.96497917175276,136.25966628392538,119.61925029754639,242.96228885650638,343.819909095764,39.431941509246826,43.77949237823486,44.78151798248291,46.028149127960205,0.7127237319946289,0.6854534149169922,0.9852409362792969,1.2769603729248042,215.8395528793335,198.96912574768066,332.2363615036011,432.57114171981794,87.3425271713997,300,94752,900
run_20250820_073946,meta-llama/Meta-Llama-3-8B,2,1,1,512,512,8,29.0,3,0.7,0.9,127.7462895711263,122.28596210479736,164.3110752105713,181.92446231842038,64.22985076904297,59.98349189758301,93.39630603790283,118.43827962875365,31.756527026494343,31.043410301208496,43.85221004486084,49.96426343917847,0.7458893458048502,0.716090202331543,1.0432243347167973,1.2670683860778806,128.49217891693115,123.09181690216064,165.28496742248535,182.61963844299314,79.56576671621963,300,94752,900
run_20250820_074024,meta-llama/Meta-Llama-3-8B,4,1,1,512,512,8,29.0,3,0.7,0.9,117.58214632670085,115.23652076721191,143.15783977508545,164.92584705352783,59.40919955571493,57.271599769592285,79.10978794097902,100.68113327026362,29.084936777750652,24.986743927001953,40.07110595703125,47.56588459014891,0.6724389394124349,0.6098747253417969,0.9468078613281252,1.279995441436767,118.25458526611328,116.1496639251709,143.88611316680908,165.6629204750061,78.67427645444502,300,94752,900
run_20250820_074104,meta-llama/Meta-Llama-3-8B,8,1,1,512,512,8,29.0,3,0.7,0.9,122.49934832255046,120.7728385925293,148.23243618011475,179.18599128723136,63.20619344711304,62.71326541900635,83.50906372070312,105.26251316070555,29.645134607950848,25.523781776428223,39.05644416809082,52.03939437866211,0.673673152923584,0.6258487701416016,0.9156703948974609,1.1593675613403318,123.17302147547404,121.56689167022705,148.88474941253662,179.88808155059806,80.82328779525454,300,94752,900
run_20250820_074146,meta-llama/Meta-Llama-3-8B,1,2,1,512,512,8,29.0,3,0.7,0.9,3680.3069082895913,4084.598422050476,6157.831954956056,6763.703446388245,3508.255508740743,3912.1015071868896,5984.518623352052,6639.725863933563,86.02416117986043,86.49253845214844,87.16630935668945,87.94743537902832,0.7435957590738932,0.7317066192626953,1.023077964782715,1.3044643402099607,3681.0505040486655,4085.365891456604,6158.644962310792,6764.3679666519165,54.53599232424992,300,94752,900
run_20250820_074232,meta-llama/Meta-Llama-3-8B,2,2,1,512,512,8,29.0,3,0.7,0.9,476.05415264765423,454.2630910873413,676.8036603927612,906.9088172912597,315.26127735773724,298.2499599456787,503.4844398498535,737.8185677528381,80.39485335350037,89.70129489898682,92.29810237884521,123.58187198638898,0.7394099235534668,0.7295608520507812,1.0272026062011719,1.3077759742736814,476.7935625712077,455.3837776184082,677.6297569274902,907.6533865928649,79.55392099318625,300,94752,900
run_20250820_074312,meta-llama/Meta-Llama-3-8B,4,2,1,512,512,8,29.0,3,0.7,0.9,284.3324287732442,286.5333557128906,388.21737766265886,478.55695486068726,168.12185605367026,155.8459997177124,258.01241397857666,339.0002942085265,58.1039297580719,59.26847457885742,90.66710472106934,118.53017807006835,0.6334606806437174,0.5977153778076172,0.8287906646728516,1.120655536651611,284.96588945388794,286.98766231536865,388.8336896896364,479.2209482192993,82.34131750697895,300,94752,900
run_20250820_074357,meta-llama/Meta-Llama-3-8B,1,4,1,512,512,8,29.0,3,0.7,0.9,3103.024267355601,3217.9144620895386,5384.042930603027,5755.504009723663,2924.5849680900574,3037.216067314148,5204.139614105225,5645.127251148224,89.21837250391643,90.13605117797852,90.55976867675781,90.91496467590332,0.600583553314209,0.5784034729003906,0.7445573806762696,0.9585380554199218,3103.624850908915,3218.55366230011,5384.593105316162,5756.058123111725,52.522992509834815,300,94752,900
run_20250820_074443,meta-llama/Meta-Llama-3-8B,2,4,1,512,512,8,29.0,3,0.7,0.9,540.9578577677408,520.4916000366211,718.5841321945193,907.1720886230468,366.5903083483378,341.06922149658203,564.6856546401978,718.3466410636901,87.18251546223958,93.96195411682129,95.09508609771729,136.07695102691642,0.6436967849731445,0.6048679351806641,0.8628606796264651,1.0874891281127923,541.601554552714,520.9890604019165,719.1708803176882,907.8463721275328,81.2144360243117,300,94752,900
run_20250820_074525,meta-llama/Meta-Llama-3-8B,1,8,1,512,512,8,29.0,3,0.7,0.9,10528.434598445892,10743.094563484192,18150.228238105778,19813.06659936905,10217.326639493307,10429.149866104126,17835.789775848392,19627.869987487793,155.55259784062704,156.7620038986206,157.45348930358887,158.2727575302124,0.6176455815633138,0.5908012390136719,0.7754087448120117,0.9840893745422362,10529.052244027456,10743.641376495361,18150.833344459537,19813.69868993759,30.434678991460252,300,94752,900
